"","","save_urls"
"1","adam_humphries","https://static.www.nfl.com/image/private/t_player_profile_landscape/f_auto/league/bocxi4j1brqwamas1994.jpg"
"2","adam_jones","https://static.www.nfl.com/image/private/t_player_profile_landscape/f_auto/league/wx4mvhodejliheez2qw4.jpg"
"3","adoree_jackson","https://static.www.nfl.com/image/private/t_player_profile_landscape/f_auto/league/lpzklo71q4nkpaqdi0u5"
"4","alex_erickson","https://static.www.nfl.com/image/private/t_player_profile_landscape/f_auto/league/macmamgqffndxbtklzk6"
"5","alvin_kamara","https://static.www.nfl.com/image/private/t_player_profile_landscape/f_auto/league/uulstglrpmhqsvqyr5v3"
"6","andre_roberts","https://static.www.nfl.com/image/private/t_player_profile_landscape/f_auto/league/hjoyjewh7knoafxt4k93"
"7","andy_isabella","https://static.www.nfl.com/image/private/t_player_profile_landscape/f_auto/league/s3repurenhwlyxci2sqy"
"8","anthony_miller","https://static.www.nfl.com/image/private/t_player_profile_landscape/f_auto/league/u3xq3snkesclrrqulagk"
"9","antonio_brown","https://static.www.nfl.com/image/private/t_player_profile_landscape/f_auto/league/e6w7wa6ttivvdtgbbvwg.jpg"
"10","antonio_callaway","https://static.www.nfl.com/image/private/t_player_profile_landscape/f_auto/league/ksxjeyccgqz0yloufqpo.jpg"
"11","austin_carr","https://static.www.nfl.com/image/private/t_player_profile_landscape/f_auto/league/onigfznexnlmfoxz8nqa.jpg"
"12","bisi_johnson","https://static.www.nfl.com/image/private/t_player_profile_landscape/f_auto/league/uzlf6ftfizmo32d9v0x5"
"13","bobo_wilson","https://static.www.nfl.com/image/private/t_player_profile_landscape/f_auto/league/ndjs5r1tycou8sanapjl.jpg"
"14","boston_scott","https://static.www.nfl.com/image/private/t_player_profile_landscape/f_auto/league/azkmwe4bavbca3tmx9em"
"15","brandon_aiyuk","https://static.www.nfl.com/image/private/t_player_profile_landscape/f_auto/league/myd0hbdegadm0beryuxz"
"16","brandon_powell","https://static.www.nfl.com/image/private/t_player_profile_landscape/f_auto/league/fkckjg4yqybqndyub6lu"
"17","brandon_rusnak","https://static.www.nfl.com/image/private/t_player_profile_landscape/f_auto/league/ybueg5sv7fkjpkvj7ti6"
"18","brandon_tate","https://static.www.nfl.com/image/private/t_player_profile_landscape/f_auto/league/c7mkza5bqokzm1e3swtt.jpg"
"19","brandon_zylstra","https://static.www.nfl.com/image/private/t_player_profile_landscape/f_auto/league/arx0mz7gc5dm0wfc5kfx"
"20","braxton_berrios","https://static.www.nfl.com/image/private/t_player_profile_landscape/f_auto/league/vlx5vkd8ghcq1snnhdij"
"21","bryce_callahan","https://static.www.nfl.com/image/private/t_player_profile_landscape/f_auto/league/wrmvesdgdxl3pjhssgyh"
"22","byron_murphy","https://static.www.nfl.com/image/private/t_player_profile_landscape/f_auto/league/t2qwosb8tjtzdi6ymlge"
"23","c_j_board","https://static.www.nfl.com/image/private/t_player_profile_landscape/f_auto/league/pzshlaz0iihftpmg9imt"
"24","cameron_batson","https://static.www.nfl.com/image/private/t_player_profile_landscape/f_auto/league/pow47zamr7jdcca5ibsl"
"25","ced_wilson","https://static.www.nfl.com/image/private/t_player_profile_landscape/f_auto/league/zvirmx1m9vycmfpfbf1w"
"26","ceedee_lamb","https://static.www.nfl.com/image/private/t_player_profile_landscape/f_auto/league/f8elvw51jgvzf95weg1o"
"27","chad_beebe","https://static.www.nfl.com/image/private/t_player_profile_landscape/f_auto/league/uregjfx17sgrdk4vtwjb.jpg"
"28","chester_rogers","https://static.www.nfl.com/image/private/t_player_profile_landscape/f_auto/league/lkszsifhpwtjpvjvlxw5"
"29","chris_claybrooks","https://static.www.nfl.com/image/private/t_player_profile_landscape/f_auto/league/yiayltrr7rrcointxjiw"
"30","chris_hogan","https://static.www.nfl.com/image/private/t_player_profile_landscape/f_auto/league/vvs43tzefd0cvpppddeu.jpg"
"31","christian_kirk","https://static.www.nfl.com/image/private/t_player_profile_landscape/f_auto/league/illjppjxpfa4joefmpd0"
"32","cole_beasley","https://static.www.nfl.com/image/private/t_player_profile_landscape/f_auto/league/kuepadjtg72gojauzufl.jpg"
"33","cooper_kupp","https://static.www.nfl.com/image/private/t_player_profile_landscape/f_auto/league/tojsgl1ttwjkvo6x7wgy"
"34","corey_clement","https://static.www.nfl.com/image/private/t_player_profile_landscape/f_auto/league/zqd8pc0cjtc7txsrvbm7.jpg"
"35","corey_coleman","https://static.www.nfl.com/image/private/t_player_profile_landscape/f_auto/league/yawvrg2sh7ryru2z2kwe"
"36","cyrus_jones","https://static.www.nfl.com/image/private/t_player_profile_landscape/f_auto/league/g3zmkqfccz1apwa4clm1.jpg"
"37","d_ernest_johnson","https://static.www.nfl.com/image/private/t_player_profile_landscape/f_auto/league/hcv0lb0kp1bc7dzehu2t"
"38","d_j_moore","https://static.www.nfl.com/image/private/t_player_profile_landscape/f_auto/league/yy6o0pkengsmm6dox1wy"
"39","d_j_reed","https://static.www.nfl.com/image/private/t_player_profile_landscape/f_auto/league/gcjz63rvpnfn6uuaggzd"
"40","da_mari_scott","https://static.www.nfl.com/image/private/t_player_profile_landscape/f_auto/league/vx3sblgantylpv7i4wbx.jpg"
"41","daesean_hamilton","https://static.www.nfl.com/image/private/t_player_profile_landscape/f_auto/league/uregjfx17sgrdk4vtwjb.jpg"
"42","damiere_byrd","https://static.www.nfl.com/image/private/t_player_profile_landscape/f_auto/league/splgnoyutrevuihhzszl"
"43","danny_amendola","https://static.www.nfl.com/image/private/t_player_profile_landscape/f_auto/league/s0iul0mbbtrlaqzs56rc.jpg"
"44","danny_johnson","https://static.www.nfl.com/image/private/t_player_profile_landscape/f_auto/league/t14lisxsikfsjjhfepts"
"45","dante_pettis","https://static.www.nfl.com/image/private/t_player_profile_landscape/f_auto/league/j35nhxhisutf6pz38fzs"
"46","darius_phillips","https://static.www.nfl.com/image/private/t_player_profile_landscape/f_auto/league/jv2z4lfztmt3dgql1ozj"
"47","darren_sproles","https://static.www.nfl.com/image/private/t_player_profile_landscape/f_auto/league/f7atmhvsuelzjyixusfm.jpg"
"48","darrius_shepherd","https://static.www.nfl.com/image/private/t_player_profile_landscape/f_auto/league/mxa4mlth6p0bf5pfg3so"
"49","david_moore","https://static.www.nfl.com/image/private/t_player_profile_landscape/f_auto/league/mysdmg1kkmxc6cywb1jh"
"50","de_anthony_thomas","https://static.www.nfl.com/image/private/t_player_profile_landscape/f_auto/league/qqxugccl3oqxl1fedrpx.jpg"
"51","deandre_carter","https://static.www.nfl.com/image/private/t_player_profile_landscape/f_auto/league/fgkf5m167nupk3jv3w5w"
"52","dede_westbrook","https://static.www.nfl.com/image/private/t_player_profile_landscape/f_auto/league/uwl7ycljisizhojgyh04.jpg"
"53","demarcus_robinson","https://static.www.nfl.com/image/private/t_player_profile_landscape/f_auto/league/ceqqkylismka583qo9kk"
"54","deonte_harris","https://static.www.nfl.com/image/private/t_player_profile_landscape/f_auto/league/ouuf2vot58iosguctjiy"
"55","desean_jackson","https://static.www.nfl.com/image/private/t_player_profile_landscape/f_auto/league/sb6nleq52kn0hxo5s3zj.jpg"
"56","desmond_king","https://static.www.nfl.com/image/private/t_player_profile_landscape/f_auto/league/jqn4j0lbcpcqaatxlicg"
"57","devin_duvernay","https://static.www.nfl.com/image/private/t_player_profile_landscape/f_auto/league/rvj5nmfasxafutemnvyx"
"58","diontae_johnson","https://static.www.nfl.com/image/private/t_player_profile_landscape/f_auto/league/kpxblj81lquuhjasvhe8"
"59","diontae_spencer","https://static.www.nfl.com/image/private/t_player_profile_landscape/f_auto/league/ti04r8nufthc4jykjgmj.jpg"
"60","dominique_rodgers_cromartie","https://static.www.nfl.com/image/private/t_player_profile_landscape/f_auto/league/n3utn3mcrnsvkstkcbcd.jpg"
"61","donovan_peoples_jones","https://static.www.nfl.com/image/private/t_player_profile_landscape/f_auto/league/qpppihrztbzxktstufm0"
"62","dontrell_hilliard","https://static.www.nfl.com/image/private/t_player_profile_landscape/f_auto/league/ukhyslngeuojxkjqfq9f"
"63","dwayne_harris","https://static.www.nfl.com/image/private/t_player_profile_landscape/f_auto/league/oeyt0cmrca6wltyy3gdn.jpg"
"64","golden_tate","https://static.www.nfl.com/image/private/t_player_profile_landscape/f_auto/league/f1okjjgk60rduqjbplhb.jpg"
"65","greg_dortch","https://static.www.nfl.com/image/private/t_player_profile_landscape/f_auto/league/j5xmpo01eea118axwwaj"
"66","greg_stroman","https://static.www.nfl.com/image/private/t_player_profile_landscape/f_auto/league/tmdbrz4w6xaz25xzxg66"
"67","greg_ward","https://static.www.nfl.com/image/private/t_player_profile_landscape/f_auto/league/eclz91bqwmn4ow9wfmzr"
"68","gunner_olszewski","https://static.www.nfl.com/image/private/t_player_profile_landscape/f_auto/league/ja4kmzscr06p4fmigakk"
"69","hunter_renfrow","https://static.www.nfl.com/image/private/t_player_profile_landscape/f_auto/league/fsvnsizj4t0qv9ptrzpf"
"70","isaiah_mckenzie","https://static.www.nfl.com/image/private/t_player_profile_landscape/f_auto/league/sm2btbgkg6s1r1hvi931"
"71","isaiah_rodgers","https://static.www.nfl.com/image/private/t_player_profile_landscape/f_auto/league/sksku6ccqfmm04jxccdp"
"72","isaiah_wright","https://static.www.nfl.com/image/private/t_player_profile_landscape/f_auto/league/jyshmbfv4zjoia4dtjcv.jpg"
"73","j_j_jones","https://static.www.nfl.com/image/private/t_player_profile_landscape/f_auto/league/dq5roldehlysgst5j5zn.jpg"
"74","j_j_taylor","https://static.www.nfl.com/image/private/t_player_profile_landscape/f_auto/league/iscorpkxfwtgcmgvmaem"
"75","jabrill_peppers","https://static.www.nfl.com/image/private/t_player_profile_landscape/f_auto/league/c5adzcpi1iascaeuv51n"
"76","jaire_alexander","https://static.www.nfl.com/image/private/t_player_profile_landscape/f_auto/league/on6zec6frngloqi61v0r"
"77","jakeem_grant","https://static.www.nfl.com/image/private/t_player_profile_landscape/f_auto/league/f2ujcvb61rknhjyxcrsu"
"78","jalen_reagor","https://static.www.nfl.com/image/private/t_player_profile_landscape/f_auto/league/zfubpbpgf0lhhhixkotn"
"79","jalen_richard","https://static.www.nfl.com/image/private/t_player_profile_landscape/f_auto/league/jp5xromfooak2zv8xjcv.jpg"
"80","jamal_agnew","https://static.www.nfl.com/image/private/t_player_profile_landscape/f_auto/league/u6fwq2c4wdtn1nz8vrd3"
"81","james_proche","https://static.www.nfl.com/image/private/t_player_profile_landscape/f_auto/league/esjpio5c0exxgppw2i05"
"82","jamison_crowder","https://static.www.nfl.com/image/private/t_player_profile_landscape/f_auto/league/gcupjxhtzwve2kidaulz"
"83","janarion_grant","https://static.www.nfl.com/image/private/t_player_profile_landscape/f_auto/league/xgacekcrihxvwksqe2hi.jpg"
"84","jarvis_landry","https://static.www.nfl.com/image/private/t_player_profile_landscape/f_auto/league/w2q9uwsjvgadwyvnvopb"
"85","jawill_davis","https://static.www.nfl.com/image/private/t_player_profile_landscape/f_auto/league/loevvx4h6fqlvsizgxvd.jpg"
"86","jaydon_mickens","https://static.www.nfl.com/image/private/t_player_profile_landscape/f_auto/league/yuqdjukhcsqdxdbiqmnp.jpg"
"87","jeremy_kerley","https://static.www.nfl.com/image/private/t_player_profile_landscape/f_auto/league/gnfsk7pg579hutmp97gl.jpg"
"88","jojo_natson","https://static.www.nfl.com/image/private/t_player_profile_landscape/f_auto/league/xiaja2tndco9h0l1psgw.jpg"
"89","jordy_nelson","https://static.www.nfl.com/image/private/t_player_profile_landscape/f_auto/league/rbpcpskp3duwpq9n70gh.jpg"
"90","josh_jackson","https://static.www.nfl.com/image/private/t_player_profile_landscape/f_auto/league/cdhgtve6ofjjbjqxzmfl"
"91","julian_edelman","https://static.www.nfl.com/image/private/t_player_profile_landscape/f_auto/league/s0iul0mbbtrlaqzs56rc.jpg"
"92","justin_hardy","https://static.www.nfl.com/image/private/t_player_profile_landscape/f_auto/league/ce0hthtglzaros1uxu3f.jpg"
"93","justin_watson","https://static.www.nfl.com/image/private/t_player_profile_landscape/f_auto/league/h54qh7pjxrhokvmbnyzt"
"94","k_j_hamler","https://static.www.nfl.com/image/private/t_player_profile_landscape/f_auto/league/t3lqvv3d2tn6syqqtrat"
"95","k_j_hill","https://static.www.nfl.com/image/private/t_player_profile_landscape/f_auto/league/o0zp1iko9nweyrwe3pqm.jpg"
"96","k_j_osborn","https://static.www.nfl.com/image/private/t_player_profile_landscape/f_auto/league/p44nhjopxr4mwncbdx5l"
"97","kaelin_clay","https://static.www.nfl.com/image/private/t_player_profile_landscape/f_auto/league/z9fugfdv3eoppqitmylx.jpg"
"98","kalif_raymond","https://static.www.nfl.com/image/private/t_player_profile_landscape/f_auto/league/tbqpvuoxh80zjvgao9ww"
"99","keelan_cole","https://static.www.nfl.com/image/private/t_player_profile_landscape/f_auto/league/qjyh0mcthzbjhfhs5xvj"
"100","keke_coutee","https://static.www.nfl.com/image/private/t_player_profile_landscape/f_auto/league/b63h388y8kzvntk6tuqx"
"101","kenjon_barner","https://static.www.nfl.com/image/private/t_player_profile_landscape/f_auto/league/nszl4kwbns3gyopxquzu"
"102","kenny_stills","https://static.www.nfl.com/image/private/t_player_profile_landscape/f_auto/league/qf7sdsmx63rlihopzskb.jpg"
"103","leshaun_sims","https://static.www.nfl.com/image/private/t_player_profile_landscape/f_auto/league/ydnukwoqrsg2hf3xmoer.jpg"
"104","marcus_murphy","https://static.www.nfl.com/image/private/t_player_profile_landscape/f_auto/league/g8vhrjm9rsybkjr04eib.jpg"
"105","marcus_sherels","https://static.www.nfl.com/image/private/t_player_profile_landscape/f_auto/league/hthvbwb6brfufplb3jmd.jpg"
"106","marquez_callaway","https://static.www.nfl.com/image/private/t_player_profile_landscape/f_auto/league/mozocuvstzgtvoo63s6i"
"107","marqui_christian","https://static.www.nfl.com/image/private/t_player_profile_landscape/f_auto/league/ydnukwoqrsg2hf3xmoer.jpg"
"108","marvin_hall","https://static.www.nfl.com/image/private/t_player_profile_landscape/f_auto/league/nevcbyxvep7zni9pbg0x.jpg"
"109","maurice_harris","https://static.www.nfl.com/image/private/t_player_profile_landscape/f_auto/league/plw41gelbwtafxxlrpv8.jpg"
"110","mecole_hardman","https://static.www.nfl.com/image/private/t_player_profile_landscape/f_auto/league/s1lhxffk9f4e4lo201is"
"111","micah_hyde","https://static.www.nfl.com/image/private/t_player_profile_landscape/f_auto/league/r6r20tq0j61aivifl9fb"
"112","michael_walker","https://static.www.nfl.com/image/private/t_player_profile_landscape/f_auto/league/xobhxzemmgaier9jvlb8.jpg"
"113","mike_hughes","https://static.www.nfl.com/image/private/t_player_profile_landscape/f_auto/league/xnknoqvaeonboherjeqe"
"114","mike_thomas","https://static.www.nfl.com/image/private/t_player_profile_landscape/f_auto/league/ou6uapvdm6vohnb6ui2m.jpg"
"115","mohamed_sanu","https://static.www.nfl.com/image/private/t_player_profile_landscape/f_auto/league/a6loroqhta6g65aqnsrk"
"116","nelson_agholor","https://static.www.nfl.com/image/private/t_player_profile_landscape/f_auto/league/lzwbfozvtpqpht74alh0"
"117","nick_williams","https://static.www.nfl.com/image/private/t_player_profile_landscape/f_auto/league/yqeipjtaqxpcbnx3sedc.jpg"
"118","nsimba_webster","https://static.www.nfl.com/image/private/t_player_profile_landscape/f_auto/league/ozrgm6uydeeuyh0ropgj"
"119","nyheim_hines","https://static.www.nfl.com/image/private/t_player_profile_landscape/f_auto/league/lpyshlxwaum0ezoshadf"
"120","odell_beckham","https://static.www.nfl.com/image/private/t_player_profile_landscape/f_auto/league/selg0ghssoeiap8drtp7.jpg"
"121","patrick_peterson","https://static.www.nfl.com/image/private/t_player_profile_landscape/f_auto/league/nc3fjicv6kv0nc9ofo6r"
"122","pharoh_cooper","https://static.www.nfl.com/image/private/t_player_profile_landscape/f_auto/league/vpoy8xeajf8ol3qbyl6f.jpg"
"123","phillip_lindsay","https://static.www.nfl.com/image/private/t_player_profile_landscape/f_auto/league/soywd4cnq19pigrwabb5"
"124","preston_williams","https://static.www.nfl.com/image/private/t_player_profile_landscape/f_auto/league/ycedbmymomppxkrh6gcc"
"125","quadree_henderson","https://static.www.nfl.com/image/private/t_player_profile_landscape/f_auto/league/rmnighu3rfl02urlpfol.jpg"
"126","quandre_diggs","https://static.www.nfl.com/image/private/t_player_profile_landscape/f_auto/league/mss6qdobrthhkns28avb"
"127","quenton_meeks","https://static.www.nfl.com/image/private/t_player_profile_landscape/f_auto/league/hqsqb3fnwyxxlzgdy8th"
"128","randall_cobb","https://static.www.nfl.com/image/private/t_player_profile_landscape/f_auto/league/wphqc5wstbm0wji2bpxk"
"129","rashad_greene","https://static.www.nfl.com/image/private/t_player_profile_landscape/f_auto/league/htdcgsbfonprbrtgdtwe.jpg"
"130","rashard_davis","https://static.www.nfl.com/image/private/t_player_profile_landscape/f_auto/league/xgvciryr0tfrzhm4sfy4.jpg"
"131","ray_ray_mccloud","https://static.www.nfl.com/image/private/t_player_profile_landscape/f_auto/league/q25yzjly8zz4elodqdhr"
"132","richie_james","https://static.www.nfl.com/image/private/t_player_profile_landscape/f_auto/league/iuxz1y4skvu6cqcqjhag"
"133","rishard_matthews","https://static.www.nfl.com/image/private/t_player_profile_landscape/f_auto/league/saoyjdnhynoqrms7lz3j.jpg"
"134","river_cracraft","https://static.www.nfl.com/image/private/t_player_profile_landscape/f_auto/league/jv303s960b6h7z3rglkw"
"135","russell_gage","https://static.www.nfl.com/image/private/t_player_profile_landscape/f_auto/league/yvgvukodrs3aabp4qty7"
"136","ryan_switzer","https://static.www.nfl.com/image/private/t_player_profile_landscape/f_auto/league/znp0tc65zibtutsifvii.jpg"
"137","spencer_schnell","https://static.www.nfl.com/image/private/t_player_profile_landscape/f_auto/league/ckuiojrehihptrearygw.jpg"
"138","stacy_coley","https://static.www.nfl.com/image/private/t_player_profile_landscape/f_auto/league/h3nhhz8hezgpswkvvu5h.jpg"
"139","steven_sims","https://static.www.nfl.com/image/private/t_player_profile_landscape/f_auto/league/lwtophvrl50xn086fxjj"
"140","t_j_jones","https://static.www.nfl.com/image/private/t_player_profile_landscape/f_auto/league/f7ny6poesg2hahnxvgm0.jpg"
"141","t_j_logan","https://static.www.nfl.com/image/private/t_player_profile_landscape/f_auto/league/qbuxnmpfkg05zverxwtr.jpg"
"142","t_y_hilton","https://static.www.nfl.com/image/private/t_player_profile_landscape/f_auto/league/kuepadjtg72gojauzufl.jpg"
"143","tarik_cohen","https://static.www.nfl.com/image/private/t_player_profile_landscape/f_auto/league/mnesfiqldr4hqcwy5rqc.jpg"
"144","tavon_austin","https://static.www.nfl.com/image/private/t_player_profile_landscape/f_auto/league/uz1lcybwr8jumns4c0e8.jpg"
"145","taysom_hill","https://static.www.nfl.com/image/private/t_player_profile_landscape/f_auto/league/pjp1aahvacigoh0sorpg"
"146","ted_ginn","https://static.www.nfl.com/image/private/t_player_profile_landscape/f_auto/league/lq1yxohuhtcqevfdj5hj.jpg"
"147","tim_white","https://static.www.nfl.com/image/private/t_player_profile_landscape/f_auto/league/rmnighu3rfl02urlpfol.jpg"
"148","tommylee_lewis","https://static.www.nfl.com/image/private/t_player_profile_landscape/f_auto/league/rmnighu3rfl02urlpfol.jpg"
"149","tramon_williams","https://static.www.nfl.com/image/private/t_player_profile_landscape/f_auto/league/i0fujhginfrmby5axg2o.jpg"
"150","travis_benjamin","https://static.www.nfl.com/image/private/t_player_profile_landscape/f_auto/league/lse85wgupnndgumrhdfr.jpg"
"151","tremon_smith","https://static.www.nfl.com/image/private/t_player_profile_landscape/f_auto/league/oxnblvntjctxognuq2h4"
"152","trent_taylor","https://static.www.nfl.com/image/private/t_player_profile_landscape/f_auto/league/wr2oxomvezz9n1gtvi0n"
"153","trevor_davis","https://static.www.nfl.com/image/private/t_player_profile_landscape/f_auto/league/p00h3fjehly1q5um7ahr.jpg"
"154","trey_quinn","https://static.www.nfl.com/image/private/t_player_profile_landscape/f_auto/league/kms9ksgprppfyaviwugp.jpg"
"155","tyler_boyd","https://static.www.nfl.com/image/private/t_player_profile_landscape/f_auto/league/kzzhrm9gbefdpobngtzq"
"156","tyler_ervin","https://static.www.nfl.com/image/private/t_player_profile_landscape/f_auto/league/lgsnnii80crizd60msdo.jpg"
"157","tyler_lockett","https://static.www.nfl.com/image/private/t_player_profile_landscape/f_auto/league/z3gwnzhfaiq9dkhx1ui5"
"158","tyrann_mathieu","https://static.www.nfl.com/image/private/t_player_profile_landscape/f_auto/league/phnmwvaekzhjo4xbd11z"
"159","tyreek_hill","https://static.www.nfl.com/image/private/t_player_profile_landscape/f_auto/league/lsszbdnkusxc7mduw5be"
"160","will_fuller","https://static.www.nfl.com/image/private/t_player_profile_landscape/f_auto/league/selg0ghssoeiap8drtp7.jpg"
