"","save_names","save_urls"
"1","adam_humphries","https://static.www.nfl.com/image/private/t_player_profile_landscape/f_auto/league/l56ywjejfpraigzs4qia"
"2","adam_jones","https://static.www.nfl.com/image/private/t_player_profile_landscape/f_auto/league/hvbjym05mpvfkdhy3bsz"
"3","adoree_jackson","https://static.www.nfl.com/image/private/t_player_profile_landscape/f_auto/league/c6szu9hmpnwlvhhgbi5f"
"4","alex_erickson","https://static.www.nfl.com/image/private/t_player_profile_landscape/f_auto/league/tcck1wghs3bhoy0c3q3c"
"5","alvin_kamara","https://static.www.nfl.com/image/private/t_player_profile_landscape/f_auto/league/edds7v7b4yls4rremb1x"
"6","andre_roberts","https://static.www.nfl.com/image/private/t_player_profile_landscape/f_auto/league/tjmexohf6tadl7hlylc3"
"7","andy_isabella","https://static.www.nfl.com/image/private/t_player_profile_landscape/f_auto/league/uqupqfv5xghh0qon7np1"
"8","anthony_miller","https://static.www.nfl.com/image/private/t_player_profile_landscape/f_auto/league/znzbzy92etugdbtf3m3g"
"9","antonio_brown","https://static.www.nfl.com/image/private/t_player_profile_landscape/f_auto/league/ecxsx9t7bfg42bgfwj3v"
"10","antonio_callaway","https://static.www.nfl.com/image/private/t_player_profile_landscape/f_auto/league/qebxtrpadsvtqkgvfy2u"
"11","austin_carr","https://static.www.nfl.com/image/private/t_player_profile_landscape/f_auto/league/kbmjaq5myumdsk85ocxf"
"12","bisi_johnson","https://static.www.nfl.com/image/private/t_player_profile_landscape/f_auto/league/c9dcyhrbdcphbm5omefo"
"13","bobo_wilson","https://static.www.nfl.com/image/private/t_player_profile_landscape/f_auto/league/dxmqeel8jwf3yokvtg9a"
"14","boston_scott","https://static.www.nfl.com/image/private/t_player_profile_landscape/f_auto/league/zcaqhh4uqw7vijiqaacj"
"15","brandon_aiyuk","https://static.www.nfl.com/image/private/t_player_profile_landscape/f_auto/league/su7teey9hg5jncmx154m"
"16","brandon_powell","https://static.www.nfl.com/image/private/t_player_profile_landscape/f_auto/league/eojsasyac6fuehxbuvdw"
"17","brandon_rusnak","https://static.www.nfl.com/image/private/t_player_profile_landscape/f_auto/league/e45xa4ebi0uhf6gjugt4"
"18","brandon_tate","https://static.www.nfl.com/image/private/t_player_profile_landscape/f_auto/league/uzpf58ijo44jfqakwv83"
"19","brandon_zylstra","https://static.www.nfl.com/image/private/t_player_profile_landscape/f_auto/league/tjmexohf6tadl7hlylc3"
"20","braxton_berrios","https://static.www.nfl.com/image/private/t_player_profile_landscape/f_auto/league/qbfth7hcbdzetei5ve82"
"21","bryce_callahan","https://static.www.nfl.com/image/private/t_player_profile_landscape/f_auto/league/isu4aaumkik8gish5zgk"
"22","byron_murphy","https://static.www.nfl.com/image/private/t_player_profile_landscape/f_auto/league/uqupqfv5xghh0qon7np1"
"23","c_j_board","https://static.www.nfl.com/image/private/t_player_profile_landscape/f_auto/league/c6szu9hmpnwlvhhgbi5f"
"24","cameron_batson","https://static.www.nfl.com/image/private/t_player_profile_landscape/f_auto/league/wg28vcm1m9nyf8cchrjq"
"25","ced_wilson","https://static.www.nfl.com/image/private/t_player_profile_landscape/f_auto/league/o9s7sg7j1expg91qbdee"
"26","cedrick_wilson","https://static.www.nfl.com/image/private/t_player_profile_landscape/f_auto/league/nocwjs6usj2ytmpblq6p"
"27","ceedee_lamb","https://static.www.nfl.com/image/private/t_player_profile_landscape/f_auto/league/rjniavknilzwoxuin0po"
"28","chad_beebe","https://static.www.nfl.com/image/private/t_player_profile_landscape/f_auto/league/ahab5ps31svdxyb03rc2"
"29","chester_rogers","https://static.www.nfl.com/image/private/t_player_profile_landscape/f_auto/league/ki16zfuoklnuapcpl3ko"
"30","chris_claybrooks","https://static.www.nfl.com/image/private/t_player_profile_landscape/f_auto/league/e45xa4ebi0uhf6gjugt4"
"31","chris_hogan","https://static.www.nfl.com/image/private/t_player_profile_landscape/f_auto/league/fmpqnciwjqicsjzy63mc"
"32","christian_kirk","https://static.www.nfl.com/image/private/t_player_profile_landscape/f_auto/league/e45xa4ebi0uhf6gjugt4"
"33","cole_beasley","https://static.www.nfl.com/image/private/t_player_profile_landscape/f_auto/league/y5r0fhwctl6ljwvmktvu"
"34","cooper_kupp","https://static.www.nfl.com/image/private/t_player_profile_landscape/f_auto/league/eojsasyac6fuehxbuvdw"
"35","corey_clement","https://static.www.nfl.com/image/private/t_player_profile_landscape/f_auto/league/d0whg6ebm1wtgknelxb0"
"36","corey_coleman","https://static.www.nfl.com/image/private/t_player_profile_landscape/f_auto/league/kypwk7rb7d5jol7fybkw"
"37","cyrus_jones","https://static.www.nfl.com/image/private/t_player_profile_landscape/f_auto/league/bpmiikrnvmkpkk5hgjhz"
"38","d_ernest_johnson","https://static.www.nfl.com/image/private/t_player_profile_landscape/f_auto/league/nsp399n4t89mwbndaoew"
"39","d_j_moore","https://static.www.nfl.com/image/private/t_player_profile_landscape/f_auto/league/tjmexohf6tadl7hlylc3"
"40","d_j_reed","https://static.www.nfl.com/image/private/t_player_profile_landscape/f_auto/league/qbfth7hcbdzetei5ve82"
"41","da_mari_scott","https://static.www.nfl.com/image/private/t_player_profile_landscape/f_auto/league/nebin0nevleumqvsk0fu"
"42","daesean_hamilton","https://static.www.nfl.com/image/private/t_player_profile_landscape/f_auto/league/thfspx6c8befeosbsj1b"
"43","damiere_byrd","https://static.www.nfl.com/image/private/t_player_profile_landscape/f_auto/league/wg28vcm1m9nyf8cchrjq"
"44","danny_amendola","https://static.www.nfl.com/image/private/t_player_profile_landscape/f_auto/league/etz06w7s0ardf49mnayz"
"45","danny_johnson","https://static.www.nfl.com/image/private/t_player_profile_landscape/f_auto/league/tcck1wghs3bhoy0c3q3c"
"46","dante_pettis","https://static.www.nfl.com/image/private/t_player_profile_landscape/f_auto/league/wxah9ripsv9k0nq94hdr"
"47","darius_phillips","https://static.www.nfl.com/image/private/t_player_profile_landscape/f_auto/league/adh7tne6jxgtxsbzpxpo"
"48","darren_sproles","https://static.www.nfl.com/image/private/t_player_profile_landscape/f_auto/league/gvj5ng27blmwuz170aeo"
"49","darrius_shepherd","https://static.www.nfl.com/image/private/t_player_profile_landscape/f_auto/league/zpkdyumk879eefukioti"
"50","david_moore","https://static.www.nfl.com/image/private/t_player_profile_landscape/f_auto/league/wxah9ripsv9k0nq94hdr"
"51","de_anthony_thomas","https://static.www.nfl.com/image/private/t_player_profile_landscape/f_auto/league/ubevvtu8f1snobsxnnwl"
"52","deandre_carter","https://static.www.nfl.com/image/private/t_player_profile_landscape/f_auto/league/isu4aaumkik8gish5zgk"
"53","dede_westbrook","https://static.www.nfl.com/image/private/t_player_profile_landscape/f_auto/league/jjlxw2ircxecpx3ipeax"
"54","demarcus_robinson","https://static.www.nfl.com/image/private/t_player_profile_landscape/f_auto/league/qwkl0qzs1hj1432hdaf5"
"55","deonte_harris","https://static.www.nfl.com/image/private/t_player_profile_landscape/f_auto/league/edds7v7b4yls4rremb1x"
"56","desean_jackson","https://static.www.nfl.com/image/private/t_player_profile_landscape/f_auto/league/pr5m864fqvnoozihylrh"
"57","desmond_king","https://static.www.nfl.com/image/private/t_player_profile_landscape/f_auto/league/ki16zfuoklnuapcpl3ko"
"58","devin_duvernay","https://static.www.nfl.com/image/private/t_player_profile_landscape/f_auto/league/qwkl0qzs1hj1432hdaf5"
"59","diontae_johnson","https://static.www.nfl.com/image/private/t_player_profile_landscape/f_auto/league/znzbzy92etugdbtf3m3g"
"60","diontae_spencer","https://static.www.nfl.com/image/private/t_player_profile_landscape/f_auto/league/lf3axvxomg2ktozc1rei"
"61","dominique_rodgers_cromartie","https://static.www.nfl.com/image/private/t_player_profile_landscape/f_auto/league/sjq1mh1dhbriamgcqoim"
"62","donovan_peoples_jones","https://static.www.nfl.com/image/private/t_player_profile_landscape/f_auto/league/nsp399n4t89mwbndaoew"
"63","dontrell_hilliard","https://static.www.nfl.com/image/private/t_player_profile_landscape/f_auto/league/cilwhtr1wnhcxmccdwrc"
"64","dwayne_harris","https://static.www.nfl.com/image/private/t_player_profile_landscape/f_auto/league/cz34jefkstkm3mvjznvg"
"65","golden_tate","https://static.www.nfl.com/image/private/t_player_profile_landscape/f_auto/league/yfqebrp2o9t1gt1wqjku"
"66","greg_dortch","https://static.www.nfl.com/image/private/t_player_profile_landscape/f_auto/league/uqupqfv5xghh0qon7np1"
"67","greg_stroman","https://static.www.nfl.com/image/private/t_player_profile_landscape/f_auto/league/wxah9ripsv9k0nq94hdr"
"68","greg_ward","https://static.www.nfl.com/image/private/t_player_profile_landscape/f_auto/league/zcaqhh4uqw7vijiqaacj"
"69","gunner_olszewski","https://static.www.nfl.com/image/private/t_player_profile_landscape/f_auto/league/znzbzy92etugdbtf3m3g"
"70","hunter_renfrow","https://static.www.nfl.com/image/private/t_player_profile_landscape/f_auto/league/adh7tne6jxgtxsbzpxpo"
"71","isaiah_mckenzie","https://static.www.nfl.com/image/private/t_player_profile_landscape/f_auto/league/c9guremp1pbvtm3tlofh"
"72","isaiah_rodgers","https://static.www.nfl.com/image/private/t_player_profile_landscape/f_auto/league/sn3qcylfqiexgps0hsgz"
"73","isaiah_wright","https://static.www.nfl.com/image/private/t_player_profile_landscape/f_auto/league/egz0ulainb0ycha0tt9u"
"74","j_j_jones","https://static.www.nfl.com/image/private/t_player_profile_landscape/f_auto/league/uvfhpfx8uvtyj50b8lpy"
"75","j_j_taylor","https://static.www.nfl.com/image/private/t_player_profile_landscape/f_auto/league/bufn0vjrjpzazkucpred"
"76","jabrill_peppers","https://static.www.nfl.com/image/private/t_player_profile_landscape/f_auto/league/bufn0vjrjpzazkucpred"
"77","jaire_alexander","https://static.www.nfl.com/image/private/t_player_profile_landscape/f_auto/league/vqebrrikqroerax4r7cm"
"78","jakeem_grant","https://static.www.nfl.com/image/private/t_player_profile_landscape/f_auto/league/nsp399n4t89mwbndaoew"
"79","jalen_reagor","https://static.www.nfl.com/image/private/t_player_profile_landscape/f_auto/league/zcaqhh4uqw7vijiqaacj"
"80","jalen_richard","https://static.www.nfl.com/image/private/t_player_profile_landscape/f_auto/league/evmn0ccnvk73tukpmk5f"
"81","jamal_agnew","https://static.www.nfl.com/image/private/t_player_profile_landscape/f_auto/league/e45xa4ebi0uhf6gjugt4"
"82","james_proche","https://static.www.nfl.com/image/private/t_player_profile_landscape/f_auto/league/qwkl0qzs1hj1432hdaf5"
"83","jamison_crowder","https://static.www.nfl.com/image/private/t_player_profile_landscape/f_auto/league/c9guremp1pbvtm3tlofh"
"84","janarion_grant","https://static.www.nfl.com/image/private/t_player_profile_landscape/f_auto/league/ewjqefv890ar7hxnolod"
"85","jarvis_landry","https://static.www.nfl.com/image/private/t_player_profile_landscape/f_auto/league/edds7v7b4yls4rremb1x"
"86","jawill_davis","https://static.www.nfl.com/image/private/t_player_profile_landscape/f_auto/league/ovxnuaqurfd2nccer8is"
"87","jaydon_mickens","https://static.www.nfl.com/image/private/t_player_profile_landscape/f_auto/league/hjpk7acwmiflpfs0zop8"
"88","jeremy_kerley","https://static.www.nfl.com/image/private/t_player_profile_landscape/f_auto/league/lsfc40maht2r3k0ctu1b"
"89","jojo_natson","https://static.www.nfl.com/image/private/t_player_profile_landscape/f_auto/league/ctmojzcskxm2rhyotsxo"
"90","jordy_nelson","https://static.www.nfl.com/image/private/t_player_profile_landscape/f_auto/league/bde2n4ozsakatgs4yyp2"
"91","josh_jackson","https://static.www.nfl.com/image/private/t_player_profile_landscape/f_auto/league/uqupqfv5xghh0qon7np1"
"92","julian_edelman","https://static.www.nfl.com/image/private/t_player_profile_landscape/f_auto/league/aqcqn3w2ysnekbrqfrse"
"93","justin_hardy","https://static.www.nfl.com/image/private/t_player_profile_landscape/f_auto/league/bf30pn7pqvdiof0zb6a0"
"94","justin_watson","https://static.www.nfl.com/image/private/t_player_profile_landscape/f_auto/league/kypwk7rb7d5jol7fybkw"
"95","k_j_hamler","https://static.www.nfl.com/image/private/t_player_profile_landscape/f_auto/league/zpkdyumk879eefukioti"
"96","k_j_hill","https://static.www.nfl.com/image/private/t_player_profile_landscape/f_auto/league/qd5p8nkgawauikftmkij"
"97","k_j_osborn","https://static.www.nfl.com/image/private/t_player_profile_landscape/f_auto/league/c9dcyhrbdcphbm5omefo"
"98","kaelin_clay","https://static.www.nfl.com/image/private/t_player_profile_landscape/f_auto/league/u1beu9elu48ry0b1rzjl"
"99","kalif_raymond","https://static.www.nfl.com/image/private/t_player_profile_landscape/f_auto/league/qpyemvvrgsra1lnmexho"
"100","keelan_cole","https://static.www.nfl.com/image/private/t_player_profile_landscape/f_auto/league/adh7tne6jxgtxsbzpxpo"
"101","keke_coutee","https://static.www.nfl.com/image/private/t_player_profile_landscape/f_auto/league/sn3qcylfqiexgps0hsgz"
"102","kenjon_barner","https://static.www.nfl.com/image/private/t_player_profile_landscape/f_auto/league/ew8qbdsmxvcepmbz74vf"
"103","kenny_stills","https://static.www.nfl.com/image/private/t_player_profile_landscape/f_auto/league/wswn6tehkzj8mdfbablx"
"104","leshaun_sims","https://static.www.nfl.com/image/private/t_player_profile_landscape/f_auto/league/nizdose3rdr06e8c4ubu"
"105","marcus_murphy","https://static.www.nfl.com/image/private/t_player_profile_landscape/f_auto/league/y9j91g8089mu9tjj0zis"
"106","marcus_sherels","https://static.www.nfl.com/image/private/t_player_profile_landscape/f_auto/league/qgwd89z8jxh5o9ln6cmp"
"107","marquez_callaway","https://static.www.nfl.com/image/private/t_player_profile_landscape/f_auto/league/edds7v7b4yls4rremb1x"
"108","marqui_christian","https://static.www.nfl.com/image/private/t_player_profile_landscape/f_auto/league/bk79sr1yjbieayejzi9a"
"109","marvin_hall","https://static.www.nfl.com/image/private/t_player_profile_landscape/f_auto/league/dgyruyvyeuy4cwxhysox"
"110","maurice_harris","https://static.www.nfl.com/image/private/t_player_profile_landscape/f_auto/league/rslwahd8pggo2ghktogx"
"111","mecole_hardman","https://static.www.nfl.com/image/private/t_player_profile_landscape/f_auto/league/kypwk7rb7d5jol7fybkw"
"112","micah_hyde","https://static.www.nfl.com/image/private/t_player_profile_landscape/f_auto/league/c9guremp1pbvtm3tlofh"
"113","michael_walker","https://static.www.nfl.com/image/private/t_player_profile_landscape/f_auto/league/hif6vcfhct6nesewer3o"
"114","mike_hughes","https://static.www.nfl.com/image/private/t_player_profile_landscape/f_auto/league/qpyemvvrgsra1lnmexho"
"115","mike_thomas","https://static.www.nfl.com/image/private/t_player_profile_landscape/f_auto/league/ulg18taftviyygwmmrci"
"116","mohamed_sanu","https://static.www.nfl.com/image/private/t_player_profile_landscape/f_auto/league/o9s7sg7j1expg91qbdee"
"117","nelson_agholor","https://static.www.nfl.com/image/private/t_player_profile_landscape/f_auto/league/bufn0vjrjpzazkucpred"
"118","nick_williams","https://static.www.nfl.com/image/private/t_player_profile_landscape/f_auto/league/xzbqirh5sxfjtmmnrupw"
"119","nsimba_webster","https://static.www.nfl.com/image/private/t_player_profile_landscape/f_auto/league/wxah9ripsv9k0nq94hdr"
"120","nyheim_hines","https://static.www.nfl.com/image/private/t_player_profile_landscape/f_auto/league/sn3qcylfqiexgps0hsgz"
"121","odell_beckham","https://static.www.nfl.com/image/private/t_player_profile_landscape/f_auto/league/dw6kneiq5flxfw0m6rf3"
"122","patrick_peterson","https://static.www.nfl.com/image/private/t_player_profile_landscape/f_auto/league/c9dcyhrbdcphbm5omefo"
"123","pharoh_cooper","https://static.www.nfl.com/image/private/t_player_profile_landscape/f_auto/league/mnsqfcfqiehw5aocr1lg"
"124","phillip_lindsay","https://static.www.nfl.com/image/private/t_player_profile_landscape/f_auto/league/sn3qcylfqiexgps0hsgz"
"125","preston_williams","https://static.www.nfl.com/image/private/t_player_profile_landscape/f_auto/league/o9s7sg7j1expg91qbdee"
"126","quadree_henderson","https://static.www.nfl.com/image/private/t_player_profile_landscape/f_auto/league/nk4txaierrsssrer3xvm"
"127","quandre_diggs","https://static.www.nfl.com/image/private/t_player_profile_landscape/f_auto/league/zmbnlawu8kebfownqlt0"
"128","quenton_meeks","https://static.www.nfl.com/image/private/t_player_profile_landscape/f_auto/league/edds7v7b4yls4rremb1x"
"129","randall_cobb","https://static.www.nfl.com/image/private/t_player_profile_landscape/f_auto/league/vqebrrikqroerax4r7cm"
"130","rashad_greene","https://static.www.nfl.com/image/private/t_player_profile_landscape/f_auto/league/xte6opvwocivpjpjplzp"
"131","rashard_davis","https://static.www.nfl.com/image/private/t_player_profile_landscape/f_auto/league/row1skup96vnnn29zsdq"
"132","ray_ray_mccloud","https://static.www.nfl.com/image/private/t_player_profile_landscape/f_auto/league/su7teey9hg5jncmx154m"
"133","richie_james","https://static.www.nfl.com/image/private/t_player_profile_landscape/f_auto/league/c6szu9hmpnwlvhhgbi5f"
"134","rishard_matthews","https://static.www.nfl.com/image/private/t_player_profile_landscape/f_auto/league/fr7nzgwarzuorvi8cvlc"
"135","river_cracraft","https://static.www.nfl.com/image/private/t_player_profile_landscape/f_auto/league/o9s7sg7j1expg91qbdee"
"136","russell_gage","https://static.www.nfl.com/image/private/t_player_profile_landscape/f_auto/league/ew8qbdsmxvcepmbz74vf"
"137","ryan_switzer","https://static.www.nfl.com/image/private/t_player_profile_landscape/f_auto/league/s7w7b3uxhppii72mttcu"
"138","spencer_schnell","https://static.www.nfl.com/image/private/t_player_profile_landscape/f_auto/league/myc2crfkx5bhys4yblzg"
"139","stacy_coley","https://static.www.nfl.com/image/private/t_player_profile_landscape/f_auto/league/yawmfaxmvob2piqusoji"
"140","steven_sims","https://static.www.nfl.com/image/private/t_player_profile_landscape/f_auto/league/znzbzy92etugdbtf3m3g"
"141","t_j_jones","https://static.www.nfl.com/image/private/t_player_profile_landscape/f_auto/league/fqv9h42uxtxjl7jjs2dt"
"142","t_j_logan","https://static.www.nfl.com/image/private/t_player_profile_landscape/f_auto/league/g2yxukzp3upwdeeeth2h"
"143","t_y_hilton","https://static.www.nfl.com/image/private/t_player_profile_landscape/f_auto/league/b8kor0sgeynyd8u8cush"
"144","tarik_cohen","https://static.www.nfl.com/image/private/t_player_profile_landscape/f_auto/league/pm0uewrl0ugotlc5wbpc"
"145","tavon_austin","https://static.www.nfl.com/image/private/t_player_profile_landscape/f_auto/league/ulagxqgjnrft4wub0gus"
"146","taysom_hill","https://static.www.nfl.com/image/private/t_player_profile_landscape/f_auto/league/edds7v7b4yls4rremb1x"
"147","ted_ginn","https://static.www.nfl.com/image/private/t_player_profile_landscape/f_auto/league/av3kbvba3bp4c6wrqz3g"
"148","tim_white","https://static.www.nfl.com/image/private/t_player_profile_landscape/f_auto/league/caxmcdcvqnix2vkutbq4"
"149","tommylee_lewis","https://static.www.nfl.com/image/private/t_player_profile_landscape/f_auto/league/qvf3ud6rgqusejdd4f5u"
"150","tramon_williams","https://static.www.nfl.com/image/private/t_player_profile_landscape/f_auto/league/btv4xik81slb9h07rmkh"
"151","travis_benjamin","https://static.www.nfl.com/image/private/t_player_profile_landscape/f_auto/league/io9silocxbywvisvcvpx"
"152","tremon_smith","https://static.www.nfl.com/image/private/t_player_profile_landscape/f_auto/league/ki16zfuoklnuapcpl3ko"
"153","trent_taylor","https://static.www.nfl.com/image/private/t_player_profile_landscape/f_auto/league/s8cofoyfeplgzfbzn68w"
"154","trevor_davis","https://static.www.nfl.com/image/private/t_player_profile_landscape/f_auto/league/hinncjtjusiowdpefuj6"
"155","trey_quinn","https://static.www.nfl.com/image/private/t_player_profile_landscape/f_auto/league/ln6e9abuw9gjvaqjwltw"
"156","tyler_boyd","https://static.www.nfl.com/image/private/t_player_profile_landscape/f_auto/league/s8cofoyfeplgzfbzn68w"
"157","tyler_ervin","https://static.www.nfl.com/image/private/t_player_profile_landscape/f_auto/league/sntwf66d9yogl1mdxprt"
"158","tyler_lockett","https://static.www.nfl.com/image/private/t_player_profile_landscape/f_auto/league/zmbnlawu8kebfownqlt0"
"159","tyrann_mathieu","https://static.www.nfl.com/image/private/t_player_profile_landscape/f_auto/league/edds7v7b4yls4rremb1x"
"160","tyreek_hill","https://static.www.nfl.com/image/private/t_player_profile_landscape/f_auto/league/o9s7sg7j1expg91qbdee"
"161","will_fuller","https://static.www.nfl.com/image/private/t_player_profile_landscape/f_auto/league/dgemxvhu8ffqmvmqczks"
